,Date,Year,Month,Day,Daily Rainfall Total (mm),Mean Temperature (°C),Maximum Temperature (°C),Minimum Temperature (°C),Mean Wind Speed (km/h),Max Wind Speed (km/h)
51,2019-05-10,2019,5,10,5.6,29.5,34.7,24.3,6.5,43.9
65,2019-04-26,2019,4,26,52.4,26.3,29.9,24.0,4.7,28.4
94,2019-03-28,2019,3,28,29.0,27.9,33.7,22.9,8.6,34.9
111,2019-03-11,2019,3,11,25.8,27.4,33.0,22.3,7.9,41.0
163,2019-01-18,2019,1,18,38.2,25.8,28.4,23.5,8.6,31.7
259,2018-10-14,2018,10,14,4.2,25.6,26.6,24.2,4.3,31.3
261,2018-10-12,2018,10,12,58.8,26.2,31.0,22.5,5.4,44.6
263,2018-10-10,2018,10,10,60.6,26.5,31.4,23.7,5.4,25.6
264,2018-10-09,2018,10,9,45.4,26.8,29.9,23.5,5.0,21.6
282,2018-09-21,2018,9,21,26.0,26.5,29.8,23.8,5.4,23.0
295,2018-09-08,2018,9,8,45.0,26.7,30.1,21.8,5.8,42.5
299,2018-09-04,2018,9,4,27.8,26.0,27.8,23.0,4.3,35.3
312,2018-08-22,2018,8,22,31.6,27.2,29.9,24.1,6.1,32.0
350,2018-07-15,2018,7,15,25.6,27.3,30.2,21.9,10.1,51.1
362,2018-07-03,2018,7,3,31.4,27.3,29.9,23.1,7.6,29.9
369,2018-06-26,2018,6,26,31.4,27.0,29.0,23.0,5.0,34.6
398,2018-05-28,2018,5,28,47.4,27.4,29.3,24.0,6.8,25.6
513,2018-02-02,2018,2,2,13.0,25.4,27.3,23.9,9.0,31.3
532,2018-01-14,2018,1,14,6.8,23.4,25.1,21.3,7.6,26.6
533,2018-01-13,2018,1,13,42.2,23.0,23.7,22.3,8.3,25.2
534,2018-01-12,2018,1,12,9.8,23.1,24.1,22.2,10.4,37.1
535,2018-01-11,2018,1,11,10.4,23.9,25.6,22.3,9.0,34.9
536,2018-01-10,2018,1,10,29.8,24.5,26.7,22.8,5.8,20.2
538,2018-01-08,2018,1,8,45.8,26.4,30.3,23.4,6.5,26.6
545,2018-01-01,2018,1,1,32.2,24.8,26.7,23.6,5.4,36.0
546,2017-12-31,2017,12,31,63.4,25.0,25.7,23.3,7.2,41.4
555,2017-12-22,2017,12,22,51.6,27.3,32.4,23.5,7.2,25.6
564,2017-12-13,2017,12,13,69.8,26.1,31.7,23.2,5.8,37.4
593,2017-11-14,2017,11,14,45.0,25.8,27.6,23.1,5.4,34.6
601,2017-11-06,2017,11,6,42.6,26.4,29.7,23.1,5.0,33.8
719,2017-07-11,2017,7,11,30.6,27.3,30.1,23.7,6.1,39.6
737,2017-06-23,2017,6,23,29.6,26.5,28.5,22.2,6.5,57.6
760,2017-05-31,2017,5,31,44.8,28.5,32.8,23.7,5.8,27.0
814,2017-04-07,2017,4,7,37.8,27.5,34.4,22.9,6.5,33.5
824,2017-03-28,2017,3,28,30.2,26.4,28.0,23.7,5.8,41.4
851,2017-03-01,2017,3,1,22.0,25.2,27.6,22.9,7.9,28.8
856,2017-02-24,2017,2,24,31.2,25.1,28.7,23.6,5.4,24.8
887,2017-01-24,2017,1,24,17.4,24.0,24.7,23.5,7.2,31.0
888,2017-01-23,2017,1,23,60.6,25.1,28.0,23.5,7.6,38.5
889,2017-01-22,2017,1,22,31.4,26.5,29.9,23.9,10.4,34.6
918,2016-12-24,2016,12,24,73.0,26.3,32.5,23.3,7.2,36.4
935,2016-12-07,2016,12,7,33.4,27.8,33.1,24.2,6.8,32.4
941,2016-12-01,2016,12,1,18.4,25.7,27.2,24.8,5.0,19.8
956,2016-11-16,2016,11,16,30.2,26.4,29.1,22.7,5.8,35.6
958,2016-11-14,2016,11,14,65.6,25.5,27.6,23.2,5.0,39.6
963,2016-11-09,2016,11,9,64.4,27.0,30.0,23.3,5.4,33.5
971,2016-11-01,2016,11,1,35.0,26.7,28.7,23.7,5.4,38.5
996,2016-10-07,2016,10,7,22.2,25.9,27.9,23.4,4.7,33.5
1000,2016-10-03,2016,10,3,75.4,27.8,31.2,21.6,6.8,51.1
1003,2016-09-30,2016,9,30,7.2,28.1,34.3,24.3,6.1,42.8
1043,2016-08-21,2016,8,21,30.6,27.8,29.1,22.9,9.0,32.4
1073,2016-07-22,2016,7,22,28.8,26.0,30.0,23.6,6.5,29.5
1074,2016-07-21,2016,7,21,59.4,27.1,30.5,22.5,5.8,28.1
1077,2016-07-18,2016,7,18,44.0,27.3,32.5,24.8,5.4,23.8
1101,2016-06-24,2016,6,24,67.8,26.7,29.3,22.5,7.6,50.8
1138,2016-05-18,2016,5,18,54.8,28.5,33.3,24.7,8.6,29.2
1140,2016-05-16,2016,5,16,31.6,28.5,34.3,24.8,6.1,53.6
1174,2016-04-12,2016,4,12,9.4,29.9,34.5,25.7,5.8,45.0
1222,2016-02-24,2016,2,24,71.8,25.9,29.5,23.3,8.3,45.4
1227,2016-02-19,2016,2,19,70.4,25.1,28.2,23.8,6.8,42.8
1239,2016-02-07,2016,2,7,26.4,27.0,28.4,25.2,18.4,45.7
1274,2016-01-03,2016,1,3,16.6,25.4,26.8,24.5,5.4,22.3
1275,2016-01-02,2016,1,2,39.6,25.7,28.0,22.9,6.8,58.7
1279,2015-12-29,2015,12,29,39.0,26.9,29.2,23.8,10.4,36.4
1284,2015-12-24,2015,12,24,40.2,26.4,29.6,22.8,5.8,33.5
1298,2015-12-10,2015,12,10,40.4,27.4,32.7,22.5,7.2,31.7
1308,2015-11-30,2015,11,30,25.8,27.6,33.0,24.7,6.0,31.0
1341,2015-10-28,2015,10,28,24.0,26.6,30.0,21.9,7.9,59.4
1418,2015-08-12,2015,8,12,63.2,26.1,28.0,23.7,7.6,32.0
1427,2015-08-03,2015,8,3,26.2,26.2,28.7,22.6,7.5,31.3
1457,2015-07-04,2015,7,4,22.2,27.4,29.2,22.1,9.5,59.4
1508,2015-05-14,2015,5,14,16.6,29.2,34.2,24.9,10.1,36.7
1519,2015-05-03,2015,5,3,22.2,26.7,29.5,24.0,5.1,36.4
1572,2015-03-11,2015,3,11,46.0,25.5,28.2,23.7,6.3,45.0
1579,2015-03-04,2015,3,4,14.0,27.6,34.4,23.4,7.9,33.1
1647,2014-12-26,2014,12,26,48.2,25.4,29.8,23.7,6.3,28.8
1648,2014-12-25,2014,12,25,36.4,27.3,30.4,25.1,4.8,20.5
1654,2014-12-19,2014,12,19,15.6,25.2,26.4,24.2,5.8,24.5
1666,2014-12-07,2014,12,7,35.2,26.8,33.6,23.8,5.3,34.6
1667,2014-12-06,2014,12,6,27.4,26.8,30.0,23.4,5.7,42.1
1672,2014-12-01,2014,12,1,26.4,26.4,29.8,22.4,4.3,49.7
1690,2014-11-13,2014,11,13,64.4,27.0,32.0,22.2,6.0,50.8
1695,2014-11-08,2014,11,8,50.4,27.2,32.4,23.2,7.4,49.7
1739,2014-09-25,2014,9,25,23.4,26.4,29.4,23.3,6.6,49.0
1766,2014-08-29,2014,8,29,39.4,26.8,30.3,22.0,6.6,34.6
1767,2014-08-28,2014,8,28,38.8,26.6,29.8,23.5,5.8,32.0
1769,2014-08-26,2014,8,26,44.2,26.8,29.8,23.6,6.3,33.8
1781,2014-08-14,2014,8,14,41.2,26.8,29.4,23.5,7.1,23.8
1869,2014-05-18,2014,5,18,22.2,26.7,29.2,23.7,4.5,28.4
1910,2014-04-07,2014,4,7,10.0,28.6,34.5,25.0,7.6,43.2
1912,2014-04-05,2014,4,5,23.4,26.4,28.0,22.8,5.4,28.1
1932,2014-03-16,2014,3,16,52.6,26.0,28.2,23.6,6.6,40.7
2001,2014-01-06,2014,1,6,31.2,25.3,27.1,23.9,6.1,25.6
2002,2014-01-05,2014,1,5,18.4,24.8,26.4,23.3,6.8,25.6
2020,2013-12-18,2013,12,18,75.0,26.4,32.1,21.2,9.4,48.2
2030,2013-12-08,2013,12,8,37.8,25.0,29.1,23.7,7.5,27.0
2035,2013-12-03,2013,12,3,119.8,25.6,30.6,23.5,5.7,27.4
2036,2013-12-02,2013,12,2,11.8,25.0,26.0,24.4,7.4,24.5
2037,2013-12-01,2013,12,1,25.6,26.1,28.5,24.9,6.9,24.5
2063,2013-11-05,2013,11,5,44.0,26.8,32.6,23.2,6.6,36.0
2085,2013-10-14,2013,10,14,139.8,27.4,30.3,23.2,5.6,28.8
2091,2013-10-08,2013,10,8,28.6,29.4,33.2,26.1,8.6,28.1
2104,2013-09-25,2013,9,25,52.6,27.5,30.5,21.9,8.1,51.1
2114,2013-09-15,2013,9,15,28.6,25.8,27.7,23.5,5.6,31.3
2123,2013-09-06,2013,9,6,32.8,26.0,28.1,22.5,6.2,29.9
2124,2013-09-05,2013,9,5,44.0,25.8,27.8,23.8,5.1,23.8
2155,2013-08-05,2013,8,5,43.2,26.8,29.7,23.3,9.0,31.0
2164,2013-07-27,2013,7,27,19.6,25.3,27.7,22.9,4.7,31.7
2173,2013-07-18,2013,7,18,31.6,26.3,27.3,23.7,7.5,26.6
2237,2013-05-15,2013,5,15,42.6,28.8,32.8,26.2,7.1,27.7
2245,2013-05-07,2013,5,7,46.2,27.3,32.6,23.5,5.7,37.1
2254,2013-04-28,2013,4,28,16.6,26.2,27.3,24.0,4.6,75.2
2264,2013-04-18,2013,4,18,1.8,30.1,34.9,26.7,6.6,35.6
2281,2013-04-01,2013,4,1,19.6,28.2,34.0,23.4,6.4,57.2
2291,2013-03-22,2013,3,22,29.6,28.3,32.9,25.5,8.0,43.9
2316,2013-02-25,2013,2,25,58.2,26.7,30.8,23.0,6.3,50.4
2324,2013-02-17,2013,2,17,1.0,24.8,25.8,24.1,6.6,25.6
2327,2013-02-14,2013,2,14,95.2,24.8,27.7,22.6,5.7,28.1
2330,2013-02-11,2013,2,11,54.4,25.3,30.2,23.7,5.8,29.9
2331,2013-02-10,2013,2,10,43.0,24.6,25.9,21.5,7.1,28.1
2338,2013-02-03,2013,2,3,41.8,26.2,28.6,24.7,6.8,36.0
2352,2013-01-20,2013,1,20,10.8,24.4,25.4,23.6,6.0,21.6
2353,2013-01-19,2013,1,19,64.0,23.7,24.8,22.6,7.6,27.7
2354,2013-01-18,2013,1,18,73.0,26.9,32.0,24.3,14.8,35.6
2365,2013-01-07,2013,1,7,0.0,29.1,35.2,25.2,7.6,34.9
2372,2012-12-31,2012,12,31,78.8,25.3,29.5,22.2,6.4,31.7
2385,2012-12-18,2012,12,18,26.8,25.3,29.0,23.3,4.8,28.4
2390,2012-12-13,2012,12,13,61.6,25.5,30.6,23.1,5.7,28.8
2392,2012-12-11,2012,12,11,33.6,26.0,29.5,22.3,5.3,32.8
2400,2012-12-03,2012,12,3,51.6,25.8,30.5,22.7,5.5,22.7
2467,2012-09-27,2012,9,27,28.2,28.2,32.7,22.9,8.0,52.6
2542,2012-07-14,2012,7,14,29.0,26.2,28.0,24.3,9.3,34.9
2613,2012-05-04,2012,5,4,79.2,27.9,30.9,24.0,5.8,27.4
2626,2012-04-21,2012,4,21,35.6,26.8,28.9,24.1,5.8,28.8
2632,2012-04-15,2012,4,15,48.4,26.8,30.4,23.7,5.8,22.7
2636,2012-04-11,2012,4,11,26.4,26.3,29.6,23.7,5.5,32.0
2646,2012-04-01,2012,4,1,25.0,28.2,32.3,24.4,7.1,34.9
2664,2012-03-14,2012,3,14,9.5,24.5,26.2,22.7,6.1,26.6
2665,2012-03-13,2012,3,13,92.3,26.9,30.4,24.7,9.3,36.7
2673,2012-03-05,2012,3,5,29.8,25.7,29.6,21.1,5.0,41.4
2705,2012-02-02,2012,2,2,38.4,25.8,30.0,22.9,9.5,31.7
2730,2012-01-08,2012,1,8,26.2,24.8,27.2,23.8,8.2,33.8
2744,2011-12-25,2011,12,25,0.2,26.1,27.7,24.7,12.2,42.1
2750,2011-12-19,2011,12,19,35.6,25.0,27.0,24.0,7.9,32.4
2751,2011-12-18,2011,12,18,87.4,26.3,29.4,24.3,8.5,34.2
2758,2011-12-11,2011,12,11,8.2,25.1,26.8,22.8,6.4,27.4
2767,2011-12-02,2011,12,2,11.4,25.2,26.7,23.3,5.7,24.1
2771,2011-11-28,2011,11,28,78.6,26.6,31.7,23.7,4.9,23.4
2779,2011-11-20,2011,11,20,23.6,27.3,32.2,24.8,7.1,31.0
2783,2011-11-16,2011,11,16,68.4,26.4,31.8,22.8,5.4,25.6
2803,2011-10-27,2011,10,27,54.0,25.6,31.7,22.8,5.2,31.7
2840,2011-09-20,2011,9,20,26.4,26.3,29.8,23.7,5.3,49.7
2922,2011-06-30,2011,6,30,25.0,25.7,27.3,22.3,7.3,33.8
2947,2011-06-05,2011,6,5,29.6,26.1,28.0,22.2,5.3,31.0
2948,2011-06-04,2011,6,4,82.0,28.6,31.9,24.4,7.1,34.2
2975,2011-05-08,2011,5,8,0.0,30.1,35.3,26.0,6.3,29.5
2980,2011-05-03,2011,5,3,34.2,27.5,33.5,24.4,5.6,29.5
2997,2011-04-16,2011,4,16,48.2,27.1,30.6,23.7,6.3,31.7
3008,2011-04-05,2011,4,5,61.8,27.3,31.6,22.2,8.4,43.6
3034,2011-03-10,2011,3,10,30.2,25.4,29.9,23.5,7.0,31.3
3037,2011-03-07,2011,3,7,54.0,27.3,32.4,24.3,6.0,38.5
3072,2011-01-31,2011,1,31,29.2,24.0,25.0,22.4,8.5,34.6
3073,2011-01-30,2011,1,30,216.2,23.6,25.0,21.6,6.6,34.9
3074,2011-01-29,2011,1,29,52.8,25.9,28.4,23.6,12.3,40.7
3093,2011-01-10,2011,1,10,27.6,24.9,25.9,23.2,6.6,25.6
3097,2011-01-06,2011,1,6,23.0,25.2,28.8,22.8,6.2,34.2
3098,2011-01-05,2011,1,5,77.0,27.1,32.4,22.1,10.1,43.6
3106,2010-12-28,2010,12,28,1.8,25.3,26.2,23.9,7.0,23.8
3132,2010-12-02,2010,12,2,85.8,26.5,32.4,22.3,7.1,86.0
3193,2010-10-02,2010,10,2,58.1,29.2,32.5,26.3,9.5,33.8
3237,2010-08-19,2010,8,19,60.2,27.4,29.8,24.6,6.6,28.1
3238,2010-08-18,2010,8,18,41.0,26.7,30.3,23.4,5.8,37.8
3257,2010-07-30,2010,7,30,24.4,25.6,28.5,22.8,7.402755255255251,34.041722351527746
3271,2010-07-16,2010,7,16,121.1,27.4,30.8,23.9,6.0,37.1
3292,2010-06-25,2010,6,25,26.0,26.5,28.2,23.1,7.3,34.9
3301,2010-06-16,2010,6,16,38.4,25.9,28.2,23.0,8.5,32.0
3311,2010-06-06,2010,6,6,24.3,29.1,32.9,25.3,6.2,32.4
3316,2010-06-01,2010,6,1,43.0,29.2,32.9,25.8,5.5,27.4
3332,2010-05-16,2010,5,16,90.5,28.5,35.1,23.2,7.4,38.2
3340,2010-05-08,2010,5,8,20.1,29.4,35.2,25.1,6.3,30.6
3361,2010-04-17,2010,4,17,40.0,28.3,33.8,23.6,6.4,32.4
3363,2010-04-15,2010,4,15,17.1,28.9,34.0,24.4,8.0,42.5
3365,2010-04-13,2010,4,13,27.8,28.6,34.1,23.9,8.2,54.0
3367,2010-04-11,2010,4,11,13.9,29.5,34.5,24.7,9.0,33.1
3378,2010-03-31,2010,3,31,49.1,27.5,32.3,24.1,6.6,32.8
3384,2010-03-25,2010,3,25,22.9,27.9,33.3,24.0,7.4,30.2
3386,2010-03-23,2010,3,23,57.6,27.6,30.1,23.6,7.3,25.6
3389,2010-03-20,2010,3,20,15.5,25.2,25.9,23.6,7.5,25.6
3391,2010-03-18,2010,3,18,26.4,27.5,32.4,22.8,8.8,40.3
3400,2010-03-09,2010,3,9,28.7,29.8,35.0,26.7,9.3,32.0
3402,2010-03-07,2010,3,7,0.0,29.7,35.2,25.9,11.9,41.4
3403,2010-03-06,2010,3,6,0.0,29.4,35.5,25.2,11.5,40.7
3405,2010-03-04,2010,3,4,0.0,29.4,35.4,25.4,12.3,33.8
3406,2010-03-03,2010,3,3,0.0,29.6,35.4,26.0,11.9,34.2
3411,2010-02-26,2010,2,26,0.0,29.6,35.2,26.1,11.1,38.9
3413,2010-02-24,2010,2,24,1.0,29.2,35.0,25.8,11.1,44.6
3475,2009-12-24,2009,12,24,27.6,25.8,27.2,24.2,13.3,35.3
3480,2009-12-19,2009,12,19,24.6,25.5,28.3,24.0,8.8,32.0
3499,2009-11-30,2009,11,30,0.1,26.6,27.7,25.2,10.6,44.6
3510,2009-11-19,2009,11,19,61.4,25.8,31.0,23.6,10.4,43.6
3524,2009-11-05,2009,11,5,58.0,25.8,30.0,24.1,7.3,33.1
3572,2009-09-18,2009,9,18,63.0,26.6,30.5,23.1,4.1,38.9
3591,2009-08-30,2009,8,30,29.6,26.3,29.8,22.9,6.9,43.2
3599,2009-08-22,2009,8,22,35.5,29.3,33.1,25.5,5.1,23.0
3612,2009-08-09,2009,8,9,24.3,29.1,32.3,27.3,7.3,28.1
3715,2009-04-28,2009,4,28,86.6,27.3,31.8,23.3,4.7,48.2
3758,2009-03-16,2009,3,16,23.8,25.6,27.6,24.4,6.9,32.4
3769,2009-03-05,2009,3,5,56.3,27.0,31.1,23.6,9.0,40.7
3771,2009-03-03,2009,3,3,23.1,25.3,28.5,22.3,9.0,44.6
3776,2009-02-26,2009,2,26,74.2,26.2,32.0,23.8,4.4,41.4
3840,2008-12-24,2008,12,24,33.5,24.2,25.7,22.6,5.7,34.2
3850,2008-12-14,2008,12,14,22.2,25.0,26.3,23.6,3.3,18.0
3856,2008-12-08,2008,12,8,9.9,24.2,25.9,23.0,8.1,39.6
3862,2008-12-02,2008,12,2,52.0,27.5,31.9,24.2,4.7,30.6
3871,2008-11-23,2008,11,23,54.8,27.3,33.0,25.0,4.2,39.6
3872,2008-11-22,2008,11,22,63.3,27.2,32.3,23.0,4.2,41.4
3884,2008-11-10,2008,11,10,40.9,26.3,29.0,23.9,3.3,34.2
3894,2008-10-31,2008,10,31,41.6,28.2,32.7,25.8,3.4,28.8
3906,2008-10-19,2008,10,19,25.9,27.5,33.1,25.1,3.2,41.0
3925,2008-09-30,2008,9,30,24.1,26.9,29.7,23.7,4.6,36.0
3930,2008-09-25,2008,9,25,43.5,28.6,32.6,25.0,3.6,22.0
3962,2008-08-24,2008,8,24,54.2,25.1,29.9,23.3,3.6,41.4
3963,2008-08-23,2008,8,23,30.9,24.9,27.6,22.8,3.3,36.0
3979,2008-08-07,2008,8,7,133.9,27.0,31.8,22.6,10.1,48.6
3996,2008-07-21,2008,7,21,23.5,25.9,28.2,23.2,1.4,18.0
4040,2008-06-07,2008,6,7,45.2,26.0,28.3,23.1,4.9,25.2
4064,2008-05-14,2008,5,14,35.9,26.5,28.7,23.4,3.3,33.1
4098,2008-04-10,2008,4,10,25.9,28.1,32.6,25.1,2.4,25.2
4126,2008-03-13,2008,3,13,48.1,23.7,27.6,21.8,1.6,39.6
4127,2008-03-12,2008,3,12,46.8,24.9,28.1,23.2,3.7,31.3
4128,2008-03-11,2008,3,11,38.7,25.5,27.6,24.3,2.9,36.0
4133,2008-03-06,2008,3,6,19.7,24.8,26.3,22.7,2.5,34.9
4135,2008-03-04,2008,3,4,0.3,24.9,26.6,23.4,4.7,23.4
4137,2008-03-02,2008,3,2,30.7,25.7,28.1,23.9,7.3,37.8
4138,2008-03-01,2008,3,1,3.5,25.1,26.4,22.5,4.1,31.0
4165,2008-02-03,2008,2,3,38.7,24.3,26.4,22.4,1.7,34.2
4191,2008-01-08,2008,1,8,123.1,25.3,27.8,23.3,2.2,34.2
4197,2008-01-02,2008,1,2,5.6,25.3,26.2,23.6,4.8,28.8
4200,2007-12-30,2007,12,30,51.6,26.4,31.6,23.2,4.1,36.0
4218,2007-12-12,2007,12,12,3.1,24.8,25.6,23.8,2.2,16.6
4220,2007-12-10,2007,12,10,149.1,25.3,29.0,23.6,3.2,39.6
4224,2007-12-06,2007,12,6,4.2,24.9,26.5,23.6,1.9,16.2
4225,2007-12-05,2007,12,5,159.0,24.7,26.2,23.3,3.8,33.8
4235,2007-11-25,2007,11,25,53.9,27.8,32.7,25.2,2.8,28.8
4241,2007-11-19,2007,11,19,26.7,25.3,28.0,23.6,1.4,31.3
4254,2007-11-06,2007,11,6,26.9,26.9,28.7,24.1,2.0,30.6
4258,2007-11-02,2007,11,2,60.1,26.2,31.6,22.1,2.8,31.3
4261,2007-10-30,2007,10,30,34.5,26.6,29.8,24.5,2.6,19.8
4263,2007-10-28,2007,10,28,47.2,27.3,32.8,23.7,2.6,28.8
4272,2007-10-19,2007,10,19,51.8,26.1,30.8,23.6,1.9,30.6
4295,2007-09-26,2007,9,26,52.1,29.1,31.6,27.0,8.2,32.0
4318,2007-09-03,2007,9,3,26.1,25.8,28.4,23.0,7.5,32.4
4324,2007-08-28,2007,8,28,55.9,26.2,29.3,23.8,4.4,42.1
4412,2007-06-01,2007,6,1,32.8,27.6,32.6,23.6,2.4,34.6
4443,2007-05-01,2007,5,1,21.9,27.9,29.6,23.0,5.4,46.8
4447,2007-04-27,2007,4,27,102.4,27.0,32.1,23.2,3.5,41.4
4474,2007-03-31,2007,3,31,26.6,27.7,32.4,25.2,3.0,43.2
4483,2007-03-22,2007,3,22,68.8,26.3,31.7,23.5,3.5,30.6
4504,2007-03-01,2007,3,1,16.4,23.7,24.6,22.5,4.0,27.4
4505,2007-02-28,2007,2,28,51.4,25.3,27.9,23.3,3.4,33.5
4539,2007-01-25,2007,1,25,8.4,24.6,26.1,23.1,6.5,34.2
4550,2007-01-14,2007,1,14,14.1,24.4,25.2,23.3,1.6,16.2
4551,2007-01-13,2007,1,13,7.1,24.5,26.0,23.4,3.4,21.6
4552,2007-01-12,2007,1,12,95.3,24.4,25.9,23.4,5.5,36.0
4553,2007-01-11,2007,1,11,143.8,25.3,27.4,23.8,5.0,28.8
4555,2007-01-09,2007,1,9,36.6,25.1,26.1,24.2,4.0,23.4
4562,2007-01-02,2007,1,2,44.1,26.9,31.0,23.4,3.9,28.8
4567,2006-12-28,2006,12,28,30.8,24.7,26.2,23.5,7.8,28.8
4569,2006-12-26,2006,12,26,139.8,24.2,25.0,23.3,6.8,37.8
4570,2006-12-25,2006,12,25,66.0,26.4,30.0,24.3,6.4,32.4
4571,2006-12-24,2006,12,24,16.9,25.1,26.6,24.2,4.4,23.4
4576,2006-12-19,2006,12,19,197.9,24.3,25.4,22.6,7.6,32.4
4577,2006-12-18,2006,12,18,92.1,26.6,29.4,24.5,10.2,41.8
4578,2006-12-17,2006,12,17,66.4,26.2,28.0,24.1,9.5,45.0
4582,2006-12-13,2006,12,13,45.4,27.3,32.3,23.6,5.5,27.0
4603,2006-11-22,2006,11,22,64.0,26.7,31.6,24.0,2.2,33.8
4624,2006-11-01,2006,11,1,34.0,26.8,33.2,23.8,3.2,28.8
4630,2006-10-26,2006,10,26,37.8,26.7,32.7,24.1,2.2,32.8
4671,2006-09-15,2006,9,15,32.2,25.4,26.8,22.7,2.4,19.8
4686,2006-08-31,2006,8,31,24.1,24.9,25.9,22.1,2.1,25.2
4739,2006-07-09,2006,7,9,54.8,27.1,30.1,24.7,7.6,32.4
4759,2006-06-19,2006,6,19,37.3,27.0,28.5,23.9,4.7,21.6
4769,2006-06-09,2006,6,9,24.5,25.8,27.0,23.0,1.8,32.8
4770,2006-06-08,2006,6,8,23.7,26.9,30.0,23.7,4.7,30.6
4784,2006-05-25,2006,5,25,25.1,28.1,33.4,24.5,3.3,28.8
4808,2006-05-01,2006,5,1,36.6,27.6,32.8,24.8,2.4,25.2
4821,2006-04-18,2006,4,18,43.3,27.4,32.4,23.7,2.9,39.2
4825,2006-04-14,2006,4,14,30.1,26.3,29.9,23.4,3.9,37.4
4843,2006-03-27,2006,3,27,24.6,26.5,28.4,23.6,1.8,31.7
4888,2006-02-10,2006,2,10,33.7,25.6,29.4,23.9,3.6,25.2
4917,2006-01-12,2006,1,12,131.7,23.4,24.3,22.1,2.2,34.2
4918,2006-01-11,2006,1,11,31.8,25.7,28.4,22.5,10.7,34.9
4919,2006-01-10,2006,1,10,9.0,25.0,26.0,23.8,6.4,30.6
4920,2006-01-09,2006,1,9,38.8,25.3,27.4,23.8,10.1,39.6
4921,2006-01-08,2006,1,8,82.8,24.9,25.8,23.4,8.1,32.8
4922,2006-01-07,2006,1,7,69.1,25.6,28.6,24.1,6.3,32.8
4953,2005-12-07,2005,12,7,47.3,27.2,30.5,25.0,3.9,23.8
4968,2005-11-22,2005,11,22,35.4,24.3,24.6,23.5,4.6,22.3
4974,2005-11-16,2005,11,16,133.8,28.1,32.9,25.2,3.9,25.2
4979,2005-11-11,2005,11,11,26.4,28.0,32.4,24.3,2.6,20.2
4994,2005-10-27,2005,10,27,45.3,26.8,30.8,23.0,5.2,36.0
5005,2005-10-16,2005,10,16,76.2,26.0,30.4,23.4,2.6,29.9
5017,2005-10-04,2005,10,4,49.3,27.6,31.3,23.6,5.0,37.8
5087,2005-07-26,2005,7,26,0.5,26.2,27.7,23.1,5.0,39.2
5160,2005-05-14,2005,5,14,43.7,29.3,32.6,23.9,4.9,35.3
5163,2005-05-11,2005,5,11,27.8,29.6,33.0,26.9,7.1,26.3
5164,2005-05-10,2005,5,10,58.7,27.5,30.7,23.6,5.1,38.5
5168,2005-05-06,2005,5,6,51.8,27.2,33.0,24.3,1.3,36.7
5170,2005-05-04,2005,5,4,0.0,29.9,35.3,26.5,4.3,31.7
5173,2005-05-01,2005,5,1,3.2,28.8,35.4,26.3,4.9,37.1
5200,2005-04-04,2005,4,4,49.6,25.3,26.5,23.0,2.3,23.4
5208,2005-03-27,2005,3,27,15.3,27.1,34.1,24.9,4.0,32.4
5284,2005-01-10,2005,1,10,30.8,25.3,27.0,24.0,5.8,29.2
5292,2005-01-02,2005,1,2,96.7,24.7,26.1,23.2,7.2,28.8
5294,2004-12-31,2004,12,31,36.4,25.7,27.9,24.1,6.7,43.2
5297,2004-12-28,2004,12,28,20.1,24.7,25.6,23.5,6.4,27.0
5318,2004-12-07,2004,12,7,2.2,24.6,25.2,23.8,4.3,23.0
5329,2004-11-26,2004,11,26,26.1,26.0,28.2,23.3,2.7,43.2
5350,2004-11-05,2004,11,5,62.4,26.2,31.0,24.4,3.5,45.0
5397,2004-09-19,2004,9,19,24.7,27.6,32.5,23.9,8.8,54.0
5422,2004-08-25,2004,8,25,111.5,26.4,30.0,23.9,6.8,38.5
5462,2004-07-16,2004,7,16,33.6,27.2,29.9,24.7,3.5,28.1
5470,2004-07-08,2004,7,8,13.7,25.5,26.8,23.6,3.8,23.4
5499,2004-06-09,2004,6,9,68.1,26.3,29.0,22.5,3.1,42.5
5533,2004-05-06,2004,5,6,33.0,27.1,29.5,25.2,1.7,23.8
5534,2004-05-05,2004,5,5,73.4,26.9,31.6,24.5,1.8,32.8
5541,2004-04-28,2004,4,28,4.5,29.1,34.5,25.9,6.2,26.6
5547,2004-04-22,2004,4,22,18.1,28.7,34.4,26.1,3.8,46.8
5592,2004-03-08,2004,3,8,122.8,25.3,26.5,22.2,8.0,43.2
5631,2004-01-29,2004,1,29,96.4,24.5,26.7,22.2,2.9,27.4
5633,2004-01-27,2004,1,27,23.6,25.4,28.2,23.6,6.3,36.0
5636,2004-01-24,2004,1,24,177.8,24.4,26.8,22.0,8.9,50.4
5637,2004-01-23,2004,1,23,55.7,25.7,26.8,23.8,8.6,43.2
5641,2004-01-19,2004,1,19,168.9,25.8,30.1,22.9,7.9,37.4
5670,2003-12-21,2003,12,21,23.3,24.2,25.1,23.1,8.9,33.1
5671,2003-12-20,2003,12,20,92.1,25.4,29.7,23.5,9.7,34.6
5678,2003-12-13,2003,12,13,2.4,24.8,25.5,24.1,6.5,23.8
5682,2003-12-09,2003,12,9,40.5,26.8,30.0,24.9,3.7,32.4
5725,2003-10-27,2003,10,27,47.1,27.3,32.0,22.9,8.5,41.4
5735,2003-10-17,2003,10,17,27.6,26.5,29.8,22.7,3.7,45.0
5741,2003-10-11,2003,10,11,56.6,27.1,30.2,23.0,5.1,29.5
5742,2003-10-10,2003,10,10,56.6,27.5,31.3,23.7,6.1,42.1
5744,2003-10-08,2003,10,8,20.1,25.7,26.6,24.0,3.3,22.3
5757,2003-09-25,2003,9,25,48.2,25.9,29.4,23.3,6.6,30.6
5764,2003-09-18,2003,9,18,50.4,25.4,29.3,22.6,2.0,43.2
5781,2003-09-01,2003,9,1,60.0,28.4,32.4,25.1,6.1,27.0
5808,2003-08-05,2003,8,5,64.4,27.0,30.1,23.0,9.2,32.4
5840,2003-07-04,2003,7,4,16.8,25.5,26.5,23.7,2.8,22.0
5875,2003-05-30,2003,5,30,23.0,30.0,33.3,27.9,10.4,27.7
5898,2003-05-07,2003,5,7,33.0,28.7,33.4,25.9,3.7,25.9
5931,2003-04-04,2003,4,4,42.9,26.7,33.2,23.4,4.3,35.6
5953,2003-03-13,2003,3,13,36.7,26.7,29.7,23.6,3.9,39.6
5958,2003-03-08,2003,3,8,38.3,26.7,32.9,22.8,5.6,36.0
5977,2003-02-17,2003,2,17,82.2,26.3,32.0,22.8,5.1,36.0
5978,2003-02-16,2003,2,16,17.3,25.3,27.3,23.4,4.5,19.1
5994,2003-01-31,2003,1,31,194.4,24.6,25.7,23.3,6.7,23.4
6006,2003-01-19,2003,1,19,91.5,24.8,26.6,23.5,6.8,49.0
6017,2003-01-08,2003,1,8,23.0,25.5,26.8,23.8,8.0,35.3
6018,2003-01-07,2003,1,7,21.8,26.2,29.2,24.8,3.6,25.2
6032,2002-12-24,2002,12,24,13.4,25.3,27.1,24.0,3.9,27.4
6041,2002-12-15,2002,12,15,38.3,25.3,26.4,24.0,2.6,21.6
6073,2002-11-13,2002,11,13,45.3,27.5,32.4,24.5,4.7,20.2
6076,2002-11-10,2002,11,10,84.0,26.4,31.0,23.6,3.7,25.6
6081,2002-11-05,2002,11,5,24.5,26.9,33.0,23.8,4.3,34.6
6084,2002-11-02,2002,11,2,25.0,27.0,32.9,24.0,4.5,36.4
6137,2002-09-10,2002,9,10,38.9,26.8,29.5,24.1,5.6,32.4
6139,2002-09-08,2002,9,8,6.5,25.5,26.6,24.3,2.9,25.2
6180,2002-07-29,2002,7,29,30.6,26.9,29.4,23.7,7.2,31.3
6182,2002-07-27,2002,7,27,43.8,27.6,31.0,22.9,13.9,37.1
6184,2002-07-25,2002,7,25,69.5,28.2,32.4,23.1,8.7,46.8
6208,2002-07-01,2002,7,1,42.3,25.5,28.9,24.2,2.8,28.8
6228,2002-06-11,2002,6,11,45.8,26.8,28.4,24.0,5.7,36.0
6247,2002-05-23,2002,5,23,54.9,28.9,32.6,23.2,3.0,43.2
6250,2002-05-20,2002,5,20,23.5,30.2,33.1,28.2,16.9,36.0
6269,2002-05-01,2002,5,1,75.9,26.4,32.2,24.5,2.8,38.5
6280,2002-04-20,2002,4,20,28.8,29.2,33.7,25.0,7.3,46.8
6291,2002-04-09,2002,4,9,39.4,28.5,33.1,26.1,3.4,25.2
6312,2002-03-19,2002,3,19,26.4,28.0,33.1,23.5,14.3,45.4
6346,2002-02-13,2002,2,13,41.7,24.2,26.2,22.1,12.6,37.8
6365,2002-01-25,2002,1,25,74.8,25.6,27.6,23.9,6.1,37.8
6366,2002-01-24,2002,1,24,83.8,25.0,26.6,23.6,5.7,30.6
6394,2001-12-27,2001,12,27,211.1,24.1,24.9,23.2,16.4,59.4
6395,2001-12-26,2001,12,26,68.4,25.2,28.1,23.6,7.4,29.2
6400,2001-12-21,2001,12,21,62.7,25.4,28.0,23.7,7.9,37.8
6402,2001-12-19,2001,12,19,59.9,26.1,30.0,23.9,6.1,30.6
6410,2001-12-11,2001,12,11,26.4,25.7,30.1,22.2,3.3,28.8
6446,2001-11-05,2001,11,5,102.6,25.8,30.1,23.7,2.7,36.0
6451,2001-10-31,2001,10,31,18.7,25.0,26.6,23.5,2.3,34.2
6453,2001-10-29,2001,10,29,77.2,27.4,29.7,25.4,2.5,18.4
6461,2001-10-21,2001,10,21,24.9,28.1,32.8,24.7,4.4,24.1
6484,2001-09-28,2001,9,28,74.3,27.8,32.5,24.6,4.8,26.6
6490,2001-09-22,2001,9,22,24.3,28.2,33.1,24.5,6.4,36.0
6523,2001-08-20,2001,8,20,25.1,28.0,30.1,26.3,6.0,25.6
6538,2001-08-05,2001,8,5,29.2,27.3,29.9,24.4,7.1,41.0
6546,2001-07-28,2001,7,28,44.8,26.9,32.5,23.0,5.3,50.4
6589,2001-06-15,2001,6,15,49.6,27.2,29.4,23.4,2.8,37.8
6628,2001-05-07,2001,5,7,56.1,27.2,31.1,24.4,2.5,36.0
6647,2001-04-18,2001,4,18,68.9,27.4,32.0,23.2,3.0,59.4
6673,2001-03-23,2001,3,23,29.7,28.0,32.9,23.4,4.7,28.8
6679,2001-03-17,2001,3,17,33.1,27.2,33.0,24.6,2.8,39.6
6726,2001-01-29,2001,1,29,27.2,26.4,28.9,24.1,6.6,48.6
6739,2001-01-16,2001,1,16,96.9,23.6,24.6,22.7,3.5,23.8
6740,2001-01-15,2001,1,15,125.4,27.2,30.9,23.6,10.2,37.8
6741,2001-01-14,2001,1,14,46.4,26.9,32.8,23.1,5.5,28.4
6751,2001-01-04,2001,1,4,4.0,25.2,26.6,23.4,6.0,29.2
6771,2000-12-15,2000,12,15,45.8,25.8,29.7,23.3,6.1,45.4
6794,2000-11-22,2000,11,22,48.5,26.3,29.1,23.9,3.5,19.4
6801,2000-11-15,2000,11,15,57.4,27.0,30.7,24.4,4.5,30.6
6802,2000-11-14,2000,11,14,31.2,27.4,32.7,25.0,5.7,25.2
6810,2000-11-06,2000,11,6,72.0,26.4,32.1,23.9,2.2,26.6
6839,2000-10-08,2000,10,8,25.2,28.0,33.2,24.5,6.7,34.6
6858,2000-09-19,2000,9,19,25.7,26.1,30.0,24.3,4.0,46.8
6904,2000-08-04,2000,8,4,28.1,26.4,29.3,24.0,5.9,45.4
6910,2000-07-29,2000,7,29,28.3,26.6,29.1,22.7,4.8,52.2
6915,2000-07-24,2000,7,24,34.6,26.2,29.8,22.5,5.7,41.4
6975,2000-05-25,2000,5,25,23.0,28.3,34.2,23.5,5.1,37.8
6985,2000-05-15,2000,5,15,13.0,30.5,33.8,28.4,7.7,25.2
7003,2000-04-27,2000,4,27,59.7,26.3,29.9,23.3,1.5,34.6
7020,2000-04-10,2000,4,10,87.4,26.3,31.4,23.1,1.1,36.0
7033,2000-03-28,2000,3,28,24.7,26.7,32.7,23.5,5.5,30.6
7042,2000-03-19,2000,3,19,27.4,26.7,33.0,23.3,3.6,41.4
7045,2000-03-16,2000,3,16,24.8,26.8,32.4,22.6,4.1,41.4
7096,2000-01-25,2000,1,25,127.6,24.9,25.5,23.5,2.2,17.3
7104,2000-01-17,2000,1,17,45.0,25.4,30.7,22.9,3.6,28.8
7111,2000-01-10,2000,1,10,6.7,25.2,26.0,23.9,2.9,18.0
7116,2000-01-05,2000,1,5,73.7,25.2,29.0,22.9,3.3,39.6
7133,1999-12-19,1999,12,19,64.6,25.6,29.6,22.6,4.9,45.0
7141,1999-12-11,1999,12,11,76.9,26.3,31.3,22.4,2.5,30.6
7149,1999-12-03,1999,12,3,44.7,26.2,29.1,23.8,1.2,32.4
7167,1999-11-15,1999,11,15,29.1,25.4,26.9,24.0,1.5,27.4
7185,1999-10-28,1999,10,28,27.3,25.5,30.2,23.1,3.2,30.6
7214,1999-09-29,1999,9,29,21.7,26.1,29.7,23.4,2.2,30.6
7217,1999-09-26,1999,9,26,31.0,27.4,32.7,22.1,2.1,28.8
7240,1999-09-03,1999,9,3,41.5,26.9,29.5,23.0,3.7,36.0
7249,1999-08-25,1999,8,25,42.4,25.3,28.7,23.1,2.8,38.2
7253,1999-08-21,1999,8,21,27.8,27.3,29.6,25.0,6.5,27.7
7262,1999-08-12,1999,8,12,25.0,25.5,29.1,21.9,1.3,55.8
7299,1999-07-06,1999,7,6,23.2,26.4,29.6,24.5,3.2,30.2
7302,1999-07-03,1999,7,3,39.6,25.9,28.8,23.7,1.2,38.2
7358,1999-05-08,1999,5,8,31.5,25.9,27.2,24.0,0.8,25.2
7359,1999-05-07,1999,5,7,42.8,27.6,32.8,25.4,1.8,29.2
7395,1999-04-01,1999,4,1,29.2,25.7,28.1,23.0,2.4,43.9
7404,1999-03-23,1999,3,23,52.4,26.4,30.7,23.6,4.3,43.2
7462,1999-01-24,1999,1,24,52.5,26.3,31.7,23.7,3.7,39.6
7484,1999-01-02,1999,1,2,2.5,24.4,25.3,23.4,5.1,23.0
7486,1998-12-31,1998,12,31,17.2,24.1,25.1,22.9,4.6,27.7
7487,1998-12-30,1998,12,30,17.3,24.8,27.3,23.3,3.0,25.2
7488,1998-12-29,1998,12,29,44.7,24.3,25.0,23.4,3.9,25.9
7489,1998-12-28,1998,12,28,70.4,25.9,31.3,23.5,5.1,39.6
7490,1998-12-27,1998,12,27,6.4,24.4,25.6,23.0,2.5,29.5
7491,1998-12-26,1998,12,26,84.4,26.4,28.7,24.6,3.6,28.8
7494,1998-12-23,1998,12,23,8.2,25.0,26.3,23.7,2.0,25.9
7500,1998-12-17,1998,12,17,48.6,26.5,32.1,22.9,2.4,52.2
7546,1998-11-01,1998,11,1,57.5,25.9,29.6,23.9,1.0,42.5
7571,1998-10-07,1998,10,7,25.8,27.7,30.2,24.3,1.6,34.6
7584,1998-09-24,1998,9,24,33.0,27.7,29.6,26.2,3.5,22.3
7589,1998-09-19,1998,9,19,52.0,26.5,27.8,23.1,4.2,43.6
7592,1998-09-16,1998,9,16,29.8,26.4,28.4,23.0,4.7,37.8
7595,1998-09-13,1998,9,13,43.7,26.9,30.9,22.7,3.8,36.0
7647,1998-07-23,1998,7,23,29.4,26.6,28.2,22.7,3.8,49.0
7658,1998-07-12,1998,7,12,34.3,26.1,29.5,23.1,1.3,28.8
7662,1998-07-08,1998,7,8,47.1,27.7,31.0,23.3,5.2,39.6
7665,1998-07-05,1998,7,5,55.8,29.2,33.3,23.0,7.0,38.5
7682,1998-06-18,1998,6,18,25.2,27.1,29.9,24.0,2.4,41.4
7683,1998-06-17,1998,6,17,28.0,28.8,32.6,24.2,3.4,35.3
7686,1998-06-14,1998,6,14,27.2,28.3,33.1,25.7,1.9,31.3
7714,1998-05-17,1998,5,17,33.8,28.3,33.5,25.2,2.0,33.5
7715,1998-05-16,1998,5,16,83.7,28.2,31.0,24.7,1.8,39.6
7719,1998-05-12,1998,5,12,36.5,27.7,33.4,25.4,1.5,36.7
7723,1998-05-08,1998,5,8,64.2,29.5,33.1,26.1,4.7,27.0
7726,1998-05-05,1998,5,5,47.9,30.6,34.8,26.7,7.6,28.8
7731,1998-04-30,1998,4,30,8.5,29.2,34.8,25.1,5.6,39.6
7739,1998-04-22,1998,4,22,64.9,29.2,33.5,24.2,4.6,43.2
7747,1998-04-14,1998,4,14,38.1,28.4,33.1,24.5,2.4,45.0
7763,1998-03-29,1998,3,29,7.5,30.3,34.7,26.9,11.7,54.0
7766,1998-03-26,1998,3,26,0.0,30.4,36.0,26.8,9.0,36.7
7767,1998-03-25,1998,3,25,0.0,30.1,35.3,26.2,7.3,33.1
7772,1998-03-20,1998,3,20,0.0,30.4,35.5,27.2,9.0,31.7
7781,1998-03-11,1998,3,11,10.5,29.4,34.4,26.4,4.6,35.6
7783,1998-03-09,1998,3,9,12.8,27.5,34.3,24.9,3.6,41.4
7822,1998-01-29,1998,1,29,66.6,25.6,29.3,23.5,7.7,48.6
7842,1998-01-09,1998,1,9,32.7,26.2,28.5,25.0,2.0,28.8
7844,1998-01-07,1998,1,7,79.7,25.8,27.0,24.4,6.3,34.6
7858,1997-12-24,1997,12,24,54.2,27.0,32.4,23.7,3.2,36.4
7871,1997-12-11,1997,12,11,35.1,25.5,28.6,23.8,3.5,26.6
7874,1997-12-08,1997,12,8,25.6,25.7,27.9,24.2,2.5,27.7
7877,1997-12-05,1997,12,5,65.8,28.0,32.5,23.9,4.4,29.5
7895,1997-11-17,1997,11,17,32.6,26.3,30.1,23.7,1.8,41.0
7896,1997-11-16,1997,11,16,53.6,27.1,30.7,23.8,2.7,48.6
7981,1997-08-23,1997,8,23,61.4,26.0,29.1,22.0,9.7,79.2
8061,1997-06-04,1997,6,4,25.0,29.3,32.3,25.0,9.8,43.9
8081,1997-05-15,1997,5,15,35.6,27.1,29.4,24.7,3.8,29.2
8118,1997-04-08,1997,4,8,44.6,26.2,30.6,22.3,2.4,49.3
8245,1996-12-02,1996,12,2,72.4,25.7,29.3,22.6,3.5,38.9
8271,1996-11-06,1996,11,6,60.5,26.2,32.1,22.4,3.2,69.1
8321,1996-09-17,1996,9,17,35.0,27.8,29.0,25.6,10.5,36.0
8332,1996-09-06,1996,9,6,66.5,26.6,30.1,23.1,3.3,25.9
8336,1996-09-02,1996,9,2,61.2,25.1,27.5,22.8,3.6,36.4
8343,1996-08-26,1996,8,26,64.6,26.0,31.4,23.2,5.2,41.8
8353,1996-08-16,1996,8,16,0.7,26.5,27.7,23.6,5.6,20.9
8367,1996-08-02,1996,8,2,28.4,29.8,33.0,26.4,8.4,27.0
8385,1996-07-15,1996,7,15,55.3,26.9,30.2,22.8,4.4,39.2
8391,1996-07-09,1996,7,9,38.2,25.7,28.3,22.1,6.1,72.0
8406,1996-06-24,1996,6,24,46.0,28.0,32.3,23.6,7.1,37.8
8414,1996-06-16,1996,6,16,64.2,27.2,31.4,22.1,5.1,68.4
8422,1996-06-08,1996,6,8,94.3,27.3,31.0,23.5,3.9,37.8
8472,1996-04-19,1996,4,19,55.7,27.4,30.4,23.8,2.0,37.4
8494,1996-03-28,1996,3,28,61.8,26.9,31.6,24.8,4.3,35.6
8539,1996-02-12,1996,2,12,20.1,24.7,27.7,23.0,5.7,32.4
8540,1996-02-11,1996,2,11,30.0,25.2,28.7,23.5,5.9,38.5
8549,1996-02-02,1996,2,2,53.0,25.3,26.9,22.9,8.4,34.9
8550,1996-02-01,1996,2,1,34.8,25.1,27.4,24.0,5.2,25.2
8553,1996-01-29,1996,1,29,6.8,24.8,26.6,23.3,4.3,25.6
8554,1996-01-28,1996,1,28,29.4,25.9,30.1,24.1,6.0,30.6
8571,1996-01-11,1996,1,11,1.5,24.5,25.2,23.4,2.8,16.9
8573,1996-01-09,1996,1,9,37.5,25.8,29.5,23.6,7.0,38.9
8585,1995-12-28,1995,12,28,55.6,25.0,26.2,23.7,3.7,32.0
8592,1995-12-21,1995,12,21,27.0,26.0,30.1,23.9,4.0,37.8
8607,1995-12-06,1995,12,6,0.0,25.2,27.7,23.3,8.2,35.6
8609,1995-12-04,1995,12,4,19.0,24.7,25.9,23.0,10.5,37.8
8632,1995-11-11,1995,11,11,30.1,25.2,26.6,24.0,3.1,24.5
8637,1995-11-06,1995,11,6,24.5,25.6,27.1,23.4,3.4,29.9
8641,1995-11-02,1995,11,2,198.6,26.8,31.5,22.8,3.0,52.2
8762,1995-07-04,1995,7,4,26.9,26.6,28.8,24.5,3.8,38.2
8764,1995-07-02,1995,7,2,52.3,26.0,27.7,22.8,3.0,28.8
8786,1995-06-10,1995,6,10,45.0,28.7,34.0,25.2,4.2,42.1
8832,1995-04-25,1995,4,25,73.6,27.8,32.9,23.5,5.5,38.2
8846,1995-04-11,1995,4,11,47.6,27.4,32.6,24.4,4.8,27.4
8856,1995-04-01,1995,4,1,36.1,27.5,32.7,24.2,3.5,38.2
8870,1995-03-18,1995,3,18,31.1,28.0,33.0,25.5,4.2,32.8
8891,1995-02-25,1995,2,25,28.5,24.6,26.2,22.7,4.5,35.3
8903,1995-02-13,1995,2,13,3.4,24.6,26.6,22.6,5.9,29.2
8910,1995-02-06,1995,2,6,34.4,24.4,25.3,23.3,4.7,30.6
8911,1995-02-05,1995,2,5,43.2,23.9,25.0,22.6,4.4,41.4
8912,1995-02-04,1995,2,4,159.3,24.5,25.6,22.8,8.6,43.2
8913,1995-02-03,1995,2,3,25.6,24.8,27.0,23.5,6.3,40.3
8928,1995-01-19,1995,1,19,108.3,23.7,25.6,21.9,6.3,27.4
8929,1995-01-18,1995,1,18,49.3,27.1,31.0,24.9,8.5,36.7
8959,1994-12-19,1994,12,19,133.8,24.3,25.3,23.1,5.0,36.7
8960,1994-12-18,1994,12,18,26.0,25.7,29.4,23.7,5.0,37.1
8961,1994-12-17,1994,12,17,20.9,24.7,25.8,23.8,5.1,22.0
8977,1994-12-01,1994,12,1,99.2,25.4,30.5,22.9,2.8,27.4
8997,1994-11-11,1994,11,11,178.3,27.1,31.4,23.5,7.1,32.0
9131,1994-06-30,1994,6,30,3.8,25.4,26.5,22.6,7.9,43.2
9158,1994-06-03,1994,6,3,61.1,26.9,31.0,24.0,5.0,55.1
9198,1994-04-24,1994,4,24,46.3,27.2,30.7,24.0,2.9,24.1
9206,1994-04-16,1994,4,16,23.0,26.7,33.6,23.8,3.8,35.3
9232,1994-03-21,1994,3,21,31.0,25.7,29.0,22.9,2.5,44.3
9237,1994-03-16,1994,3,16,31.2,26.2,29.7,23.7,3.5,37.4
9248,1994-03-05,1994,3,5,64.2,24.3,25.0,23.3,5.2,24.5
9249,1994-03-04,1994,3,4,37.4,27.0,30.0,24.1,7.5,47.5
9283,1994-01-29,1994,1,29,13.5,24.9,25.7,23.6,5.3,32.4
9319,1993-12-24,1993,12,24,30.5,24.5,26.4,23.5,7.4,43.9
9320,1993-12-23,1993,12,23,54.7,24.6,25.5,23.4,5.6,34.2
9331,1993-12-12,1993,12,12,30.8,26.9,32.9,23.0,5.5,47.2
9335,1993-12-08,1993,12,8,67.6,26.1,31.5,23.3,5.0,41.4
9345,1993-11-28,1993,11,28,29.4,27.0,29.6,24.4,6.5,36.0
9358,1993-11-15,1993,11,15,61.3,25.7,31.7,22.7,4.1,76.0
9365,1993-11-08,1993,11,8,22.8,25.6,29.4,23.9,3.5,38.5
9374,1993-10-30,1993,10,30,47.2,26.0,31.0,23.8,3.5,34.6
9389,1993-10-15,1993,10,15,62.7,27.2,30.2,23.1,4.7,41.0
9393,1993-10-11,1993,10,11,4.6,25.7,26.4,24.3,2.6,19.8
9439,1993-08-26,1993,8,26,53.5,25.5,28.2,22.2,2.9,45.0
9495,1993-07-01,1993,7,1,38.7,26.1,29.5,23.6,3.8,35.3
9512,1993-06-14,1993,6,14,29.4,27.9,32.8,22.9,6.7,47.5
9528,1993-05-29,1993,5,29,30.5,25.7,28.9,22.5,6.4,36.0
9553,1993-05-04,1993,5,4,37.2,27.3,32.7,23.6,4.5,42.8
9585,1993-04-02,1993,4,2,56.7,27.9,32.4,24.7,5.4,29.5
9600,1993-03-18,1993,3,18,56.1,25.6,28.0,22.3,8.5,48.6
9606,1993-03-12,1993,3,12,8.8,24.4,26.7,23.2,2.3,33.1
9607,1993-03-11,1993,3,11,56.9,24.8,27.4,23.5,2.7,34.6
9655,1993-01-22,1993,1,22,5.2,23.7,25.8,22.2,4.9,30.2
9656,1993-01-21,1993,1,21,30.6,25.8,29.8,23.9,9.0,41.8
9658,1993-01-19,1993,1,19,26.0,24.2,25.5,23.2,4.3,29.2
9666,1993-01-11,1993,1,11,25.5,25.0,27.9,23.0,6.8,43.2
9677,1992-12-31,1992,12,31,17.0,25.0,27.3,23.5,5.0,35.3
9684,1992-12-24,1992,12,24,33.7,25.7,30.0,22.2,4.4,33.8
9688,1992-12-20,1992,12,20,40.2,24.1,25.2,22.9,5.8,40.7
9691,1992-12-17,1992,12,17,41.1,24.0,25.2,23.1,5.2,40.7
9700,1992-12-08,1992,12,8,31.1,25.4,30.1,23.2,6.7,37.4
9702,1992-12-06,1992,12,6,17.2,23.4,24.0,22.6,3.8,29.9
9703,1992-12-05,1992,12,5,105.7,24.1,25.8,22.5,3.5,43.2
9704,1992-12-04,1992,12,4,34.9,25.0,26.9,23.7,5.0,60.5
9705,1992-12-03,1992,12,3,34.7,24.8,27.0,23.3,7.1,61.9
9717,1992-11-21,1992,11,21,56.1,24.7,26.3,23.0,3.2,32.4
9727,1992-11-11,1992,11,11,120.6,23.3,24.2,22.5,6.1,37.1
9728,1992-11-10,1992,11,10,100.1,26.2,31.1,23.8,10.0,49.3
9733,1992-11-05,1992,11,5,74.2,26.7,31.5,23.5,6.1,34.2
9827,1992-08-03,1992,8,3,31.0,26.5,29.3,23.3,6.0,37.8
9836,1992-07-25,1992,7,25,97.3,26.6,30.7,23.0,11.0,40.7
9843,1992-07-18,1992,7,18,60.1,25.8,29.1,23.2,4.1,41.8
9849,1992-07-12,1992,7,12,28.6,26.1,29.4,23.1,5.7,33.5
9872,1992-06-19,1992,6,19,22.0,25.8,28.8,21.1,4.4,70.2
9879,1992-06-12,1992,6,12,24.2,25.8,29.7,22.5,7.8,46.4
9944,1992-04-08,1992,4,8,94.7,27.2,33.3,22.5,6.7,56.2
9954,1992-03-29,1992,3,29,35.1,28.7,34.1,26.2,8.0,50.0
10027,1992-01-16,1992,1,16,56.2,25.4,29.2,22.1,15.1,56.2
10048,1991-12-26,1991,12,26,61.9,25.9,30.6,23.5,4.5,39.6
10051,1991-12-23,1991,12,23,48.3,24.5,28.4,23.0,6.4,36.4
10052,1991-12-22,1991,12,22,79.4,24.5,26.8,23.4,5.7,34.9
10054,1991-12-20,1991,12,20,5.0,25.3,26.6,24.2,10.0,47.2
10059,1991-12-15,1991,12,15,39.2,25.5,27.9,23.5,11.5,54.4
10066,1991-12-08,1991,12,8,19.2,24.3,27.3,22.6,9.0,32.8
10067,1991-12-07,1991,12,7,68.8,23.1,23.6,22.3,7.5,42.5
10068,1991-12-06,1991,12,6,26.0,23.4,24.9,22.2,7.2,36.4
10069,1991-12-05,1991,12,5,40.2,25.7,29.8,23.5,10.8,40.0
10070,1991-12-04,1991,12,4,13.8,24.1,25.5,22.9,7.0,37.4
10075,1991-11-29,1991,11,29,75.2,25.9,30.1,23.5,5.3,35.3
10148,1991-09-17,1991,9,17,53.6,26.3,30.2,23.9,3.3,35.3
10163,1991-09-02,1991,9,2,23.5,25.9,28.9,23.5,8.2,28.1
10170,1991-08-26,1991,8,26,129.9,27.1,31.5,23.2,7.0,37.4
10178,1991-08-18,1991,8,18,66.0,26.3,30.2,22.5,7.4,49.0
10254,1991-06-03,1991,6,3,55.6,25.4,26.6,23.5,4.6,39.6
10268,1991-05-20,1991,5,20,44.0,25.5,27.8,23.5,5.1,36.7
10283,1991-05-05,1991,5,5,35.5,27.0,30.0,23.5,4.4,59.0
10284,1991-05-04,1991,5,4,26.3,27.5,29.4,24.4,4.6,33.8
10383,1991-01-25,1991,1,25,36.2,25.2,27.0,23.1,3.4,24.5
10394,1991-01-14,1991,1,14,24.6,25.8,28.3,23.8,7.3,33.5
10423,1990-12-16,1990,12,16,28.7,24.9,28.9,23.4,5.3,31.0
10424,1990-12-15,1990,12,15,27.7,25.9,28.7,24.1,6.5,36.0
10427,1990-12-12,1990,12,12,21.7,24.9,26.7,23.4,1.1,32.0
10432,1990-12-07,1990,12,7,25.5,24.4,25.7,23.5,6.3,40.0
10433,1990-12-06,1990,12,6,12.8,24.6,26.0,23.7,2.8,29.9
10445,1990-11-24,1990,11,24,46.9,25.9,30.8,24.6,1.9,33.5
10468,1990-11-01,1990,11,1,41.0,25.9,29.1,24.0,2.4,34.6
10507,1990-09-23,1990,9,23,44.5,26.9,30.6,24.5,4.1,23.8
10522,1990-09-08,1990,9,8,31.0,26.3,29.0,21.2,5.6,61.6
10551,1990-08-10,1990,8,10,38.3,25.3,28.2,22.5,5.0,41.8
10571,1990-07-21,1990,7,21,44.5,28.0,32.6,24.2,3.9,25.6
10615,1990-06-07,1990,6,7,76.1,28.5,33.5,26.5,6.5,36.0
10649,1990-05-04,1990,5,4,153.7,26.3,27.8,23.3,4.7,30.2
10662,1990-04-21,1990,4,21,6.5,27.8,35.0,23.4,5.4,56.2
10705,1990-03-09,1990,3,9,48.6,25.9,30.8,21.4,5.6,58.7
10706,1990-03-08,1990,3,8,40.7,27.2,33.6,22.7,9.1,42.1
10739,1990-02-03,1990,2,3,6.3,24.9,26.3,24.1,6.8,32.0
10756,1990-01-17,1990,1,17,73.9,25.7,28.7,24.0,4.6,29.9
10757,1990-01-16,1990,1,16,31.5,24.4,26.0,22.5,3.2,29.9
10765,1990-01-08,1990,1,8,2.4,24.3,26.4,22.6,6.0,34.9
10776,1989-12-28,1989,12,28,44.2,26.3,30.2,23.6,8.7,35.6
10801,1989-12-03,1989,12,3,19.4,24.7,26.9,23.3,7.4,36.0
10803,1989-12-01,1989,12,1,40.1,23.5,24.6,22.6,6.5,45.4
10804,1989-11-30,1989,11,30,148.6,23.9,25.6,22.6,8.1,51.8
10805,1989-11-29,1989,11,29,63.8,26.5,31.5,24.0,14.8,59.0
10812,1989-11-22,1989,11,22,60.2,25.9,30.9,23.1,9.0,38.2
10813,1989-11-21,1989,11,21,14.5,25.2,26.3,23.9,6.0,37.1
10817,1989-11-17,1989,11,17,53.4,25.7,32.1,23.1,5.1,39.2
10821,1989-11-13,1989,11,13,52.8,26.4,32.4,23.7,4.2,32.4
10873,1989-09-22,1989,9,22,102.2,25.4,30.0,22.8,2.2,34.2
10891,1989-09-04,1989,9,4,34.5,24.9,26.8,22.2,6.6,52.6
10892,1989-09-03,1989,9,3,44.0,24.8,28.6,21.3,4.7,67.7
10904,1989-08-22,1989,8,22,81.4,27.0,31.4,24.6,4.5,27.4
10948,1989-07-09,1989,7,9,33.3,26.8,28.9,23.2,6.8,51.8
10964,1989-06-23,1989,6,23,28.5,26.5,29.4,23.0,2.1,52.6
11048,1989-03-31,1989,3,31,54.2,25.8,30.8,23.0,4.8,36.7
11066,1989-03-13,1989,3,13,29.3,26.2,30.0,24.1,7.1,41.8
11071,1989-03-08,1989,3,8,63.5,25.7,30.2,22.6,11.8,44.3
11072,1989-03-07,1989,3,7,24.5,25.6,29.9,23.0,10.7,53.6
11089,1989-02-18,1989,2,18,48.4,26.1,33.1,22.7,5.6,33.1
11120,1989-01-18,1989,1,18,53.0,25.2,28.3,23.0,13.1,46.8
11124,1989-01-14,1989,1,14,24.8,26.0,28.4,24.4,14.3,49.7
11155,1988-12-14,1988,12,14,0.3,25.2,27.7,23.6,10.8,41.4
11170,1988-11-29,1988,11,29,11.9,24.7,25.9,23.5,8.7,40.0
11180,1988-11-19,1988,11,19,14.9,23.7,25.4,22.4,6.4,38.9
11181,1988-11-18,1988,11,18,111.9,23.8,26.2,22.9,3.1,23.8
11185,1988-11-14,1988,11,14,79.3,26.7,31.7,24.5,6.0,32.8
11217,1988-10-13,1988,10,13,39.8,26.5,29.5,23.8,2.6,29.5
11239,1988-09-21,1988,9,21,187.3,28.1,33.3,24.7,8.8,35.3
11249,1988-09-11,1988,9,11,77.2,27.2,31.1,24.9,7.6,30.2
11258,1988-09-02,1988,9,2,63.5,24.9,28.3,22.9,2.1,29.9
11268,1988-08-23,1988,8,23,0.0,25.5,27.7,23.7,1.8,21.2
11300,1988-07-22,1988,7,22,24.7,27.8,33.8,21.0,7.6,61.2
11311,1988-07-11,1988,7,11,60.9,25.3,27.0,22.9,2.9,45.0
11317,1988-07-05,1988,7,5,50.5,24.6,26.1,22.4,7.8,36.7
11318,1988-07-04,1988,7,4,75.6,25.9,30.8,22.1,3.9,60.5
11323,1988-06-29,1988,6,29,62.8,25.7,28.8,22.2,5.0,56.9
11348,1988-06-04,1988,6,4,69.4,27.7,32.5,24.7,2.2,37.8
11374,1988-05-09,1988,5,9,76.7,27.0,31.6,23.3,2.9,42.8
11380,1988-05-03,1988,5,3,42.3,25.8,27.4,23.4,2.3,34.9
11388,1988-04-25,1988,4,25,22.8,28.0,33.6,24.6,5.6,37.1
11434,1988-03-10,1988,3,10,22.0,25.6,28.1,24.2,6.1,38.5
11436,1988-03-08,1988,3,8,70.1,24.1,25.9,22.5,6.0,37.1
11440,1988-03-04,1988,3,4,20.1,24.8,27.2,23.4,4.7,38.2
11471,1988-02-02,1988,2,2,37.9,24.7,28.8,23.6,1.3,28.8
11472,1988-02-01,1988,2,1,46.7,25.1,29.6,23.6,3.7,42.1
11488,1988-01-16,1988,1,16,28.1,24.8,26.2,23.7,5.4,47.5
11489,1988-01-15,1988,1,15,27.1,25.6,27.9,23.7,8.8,41.8
11490,1988-01-14,1988,1,14,69.0,24.8,27.5,23.9,7.2,35.6
11492,1988-01-12,1988,1,12,37.5,26.2,29.0,24.6,11.6,52.2
11522,1987-12-13,1987,12,13,7.9,24.4,26.0,22.7,6.0,42.5
11524,1987-12-11,1987,12,11,10.9,24.8,26.5,23.7,2.0,30.6
11528,1987-12-07,1987,12,7,13.3,24.3,25.5,23.2,4.2,33.5
11535,1987-11-30,1987,11,30,77.7,26.2,31.1,24.1,2.3,38.2
11538,1987-11-27,1987,11,27,25.5,27.5,32.4,22.9,5.3,59.0
11555,1987-11-10,1987,11,10,70.1,26.8,31.0,25.0,2.2,20.5
11561,1987-11-04,1987,11,4,44.3,26.1,29.0,24.0,2.0,41.0
11605,1987-09-21,1987,9,21,40.6,26.0,30.0,23.2,1.7,24.8
11617,1987-09-09,1987,9,9,44.5,26.8,32.4,21.2,11.0,54.7
11648,1987-08-09,1987,8,9,43.1,25.9,28.5,23.4,5.6,52.2
11649,1987-08-08,1987,8,8,48.2,24.6,26.5,22.7,5.9,43.9
11716,1987-06-02,1987,6,2,30.7,28.6,32.6,24.5,5.8,37.8
11744,1987-05-05,1987,5,5,81.4,27.2,30.2,24.9,7.0,27.0
11759,1987-04-20,1987,4,20,9.4,28.7,34.4,24.7,11.4,46.4
11840,1987-01-29,1987,1,29,35.4,23.9,26.9,22.1,3.6,43.9
11843,1987-01-26,1987,1,26,10.0,23.1,23.9,22.4,7.4,42.1
11844,1987-01-25,1987,1,25,60.6,23.9,25.5,22.7,4.9,43.2
11846,1987-01-23,1987,1,23,18.2,25.5,27.3,24.4,1.9,40.0
11857,1987-01-12,1987,1,12,31.1,23.4,24.2,22.2,5.6,46.8
11858,1987-01-11,1987,1,11,127.4,24.7,27.4,23.5,3.6,39.2
11859,1987-01-10,1987,1,10,83.1,23.8,25.0,22.8,3.1,36.0
11860,1987-01-09,1987,1,9,50.0,25.7,27.5,24.0,6.5,44.3
11861,1987-01-08,1987,1,8,67.8,24.3,25.5,23.1,5.7,40.7
11862,1987-01-07,1987,1,7,40.6,24.4,25.8,23.3,7.7,44.6
11871,1986-12-29,1986,12,29,26.5,25.1,29.5,24.0,5.6,43.9
11879,1986-12-21,1986,12,21,7.8,24.5,26.4,23.0,5.5,41.4
11880,1986-12-20,1986,12,20,24.3,25.3,28.1,23.5,8.3,42.1
11883,1986-12-17,1986,12,17,17.6,24.5,26.7,23.2,4.8,29.9
11890,1986-12-10,1986,12,10,49.0,24.9,28.3,22.7,12.2,43.2
11891,1986-12-09,1986,12,9,131.7,26.0,30.0,24.4,12.2,47.2
11900,1986-11-30,1986,11,30,25.2,25.6,30.2,23.5,5.5,31.7
11904,1986-11-26,1986,11,26,22.7,26.0,29.6,24.3,2.7,28.4
11947,1986-10-14,1986,10,14,65.6,25.9,28.6,23.3,1.5,37.4
11957,1986-10-04,1986,10,4,32.9,26.4,29.0,24.3,4.2,29.5
11962,1986-09-29,1986,9,29,54.4,26.6,30.4,24.0,6.0,59.4
11964,1986-09-27,1986,9,27,22.4,25.5,28.0,23.3,3.5,34.2
11979,1986-09-12,1986,9,12,97.6,24.1,27.1,21.2,3.8,52.9
11981,1986-09-10,1986,9,10,77.3,25.7,31.2,22.7,6.2,38.5
12005,1986-08-17,1986,8,17,19.1,29.1,34.2,25.5,8.7,42.5
12111,1986-05-03,1986,5,3,51.3,26.6,32.1,24.0,2.6,38.9
12143,1986-04-01,1986,4,1,56.4,27.0,31.7,24.5,5.1,47.2
12157,1986-03-18,1986,3,18,61.5,25.9,29.6,24.1,3.1,30.2
12168,1986-03-07,1986,3,7,24.5,25.4,27.1,23.8,10.6,45.4
12169,1986-03-06,1986,3,6,71.1,24.8,29.5,23.2,7.1,55.1
12170,1986-03-05,1986,3,5,38.1,24.7,26.8,22.6,9.8,62.3
12171,1986-03-04,1986,3,4,50.8,23.8,25.4,23.8,12.2,54.4
12215,1986-01-19,1986,1,19,23.5,25.0,29.3,23.1,4.2,33.5
12222,1986-01-12,1986,1,12,0.0,24.0,25.6,21.7,14.0,48.6
12223,1986-01-11,1986,1,11,51.2,22.8,23.6,21.5,7.9,37.1
12224,1986-01-10,1986,1,10,32.3,24.0,26.3,23.0,9.2,45.7
12225,1986-01-09,1986,1,9,95.6,24.6,26.2,23.2,12.4,51.8
12226,1986-01-08,1986,1,8,48.7,25.0,26.6,23.8,13.3,65.2
12229,1986-01-05,1986,1,5,24.0,25.5,28.9,23.8,17.8,61.6
12242,1985-12-23,1985,12,23,23.7,25.1,27.6,22.9,8.1,47.5
12247,1985-12-18,1985,12,18,86.8,25.9,30.8,23.5,6.6,39.6
12255,1985-12-10,1985,12,10,0.2,24.8,26.5,22.9,2.2,34.2
12288,1985-11-07,1985,11,7,34.2,25.1,29.7,23.0,2.6,26.6
12308,1985-10-18,1985,10,18,27.6,27.6,33.4,23.2,3.0,40.7
12323,1985-10-03,1985,10,3,30.2,24.7,26.5,22.5,4.6,40.7
12354,1985-09-02,1985,9,2,22.0,26.2,29.2,22.7,6.2,37.1
12400,1985-07-18,1985,7,18,26.2,26.6,30.1,21.9,3.8,47.2
12498,1985-04-11,1985,4,11,29.3,27.2,33.5,23.3,4.2,86.0
12568,1985-01-31,1985,1,31,35.5,25.8,29.5,23.5,16.3,55.8
12570,1985-01-29,1985,1,29,24.5,25.5,27.9,23.0,12.3,51.8
12597,1985-01-02,1985,1,2,27.1,23.7,25.1,22.6,6.0,36.7
12601,1984-12-29,1984,12,29,7.3,24.1,25.5,22.2,6.9,51.1
12602,1984-12-28,1984,12,28,53.0,24.7,27.1,22.4,8.1,34.6
12607,1984-12-23,1984,12,23,52.6,25.1,29.9,22.7,3.7,43.2
12612,1984-12-18,1984,12,18,58.4,25.9,31.5,22.0,4.7,45.0
12634,1984-11-26,1984,11,26,5.9,24.6,26.3,23.2,4.8,36.0
12646,1984-11-14,1984,11,14,35.4,25.3,29.8,23.8,3.7,27.0
12663,1984-10-28,1984,10,28,47.2,26.4,30.0,22.9,4.8,32.0
12665,1984-10-26,1984,10,26,31.1,28.2,32.9,25.5,5.5,36.4
12692,1984-09-29,1984,9,29,46.5,27.5,32.4,22.8,8.6,45.0
12764,1984-07-19,1984,7,19,8.0,24.4,25.5,23.2,0.8,22.7
12765,1984-07-18,1984,7,18,49.2,24.6,27.5,22.5,1.3,20.5
12766,1984-07-17,1984,7,17,44.2,24.0,26.8,22.7,1.2,23.8
12808,1984-06-05,1984,6,5,121.1,25.5,27.1,23.7,6.3,39.6
12812,1984-06-01,1984,6,1,44.1,26.4,30.4,23.2,9.2,47.9
12817,1984-05-27,1984,5,27,23.7,24.6,26.3,22.3,5.4,28.8
12819,1984-05-25,1984,5,25,27.2,25.5,28.6,21.9,3.7,52.6
12842,1984-05-02,1984,5,2,46.0,25.9,30.8,23.5,2.9,41.0
12876,1984-03-29,1984,3,29,48.7,26.9,30.5,24.1,3.0,26.6
12880,1984-03-25,1984,3,25,59.3,25.8,31.7,23.0,5.1,43.2
12903,1984-03-02,1984,3,2,119.4,25.9,30.4,22.9,15.8,46.4
12918,1984-02-16,1984,2,16,60.6,25.0,30.8,23.1,5.4,39.6
12926,1984-02-08,1984,2,8,56.5,24.7,27.7,23.5,9.1,35.6
12927,1984-02-07,1984,2,7,92.7,25.2,28.7,23.1,7.2,36.0
12932,1984-02-02,1984,2,2,17.1,22.9,24.9,21.1,6.9,46.4
12933,1984-02-01,1984,2,1,154.4,25.6,29.2,23.1,14.8,48.6
12936,1984-01-29,1984,1,29,20.1,23.2,24.1,21.8,2.8,26.3
12938,1984-01-27,1984,1,27,15.9,24.4,27.2,21.4,7.1,40.3
12940,1984-01-25,1984,1,25,62.3,23.9,29.0,22.3,4.7,28.4
12954,1984-01-11,1984,1,11,45.9,25.0,26.9,22.4,9.0,31.0
12969,1983-12-27,1983,12,27,5.8,23.6,24.9,22.6,13.2,46.8
12970,1983-12-26,1983,12,26,42.2,23.0,23.8,22.0,9.2,35.3
12971,1983-12-25,1983,12,25,164.4,23.6,25.4,21.9,3.1,31.3
12978,1983-12-18,1983,12,18,23.5,25.8,29.3,23.3,7.2,42.8
12986,1983-12-10,1983,12,10,21.1,24.2,25.9,23.0,3.0,34.2
12987,1983-12-09,1983,12,9,48.1,24.2,25.8,22.8,6.6,35.6
12988,1983-12-08,1983,12,8,19.8,24.9,28.7,23.0,5.4,46.8
12990,1983-12-06,1983,12,6,0.0,25.0,27.7,23.7,4.4,32.4
12998,1983-11-28,1983,11,28,2.8,24.0,25.2,21.3,5.1,35.6
12999,1983-11-27,1983,11,27,40.8,25.5,27.7,23.5,5.6,35.6
13023,1983-11-03,1983,11,3,54.8,26.9,32.6,24.2,5.9,37.8
13035,1983-10-22,1983,10,22,29.0,25.9,29.6,22.9,5.2,49.3
13072,1983-09-15,1983,9,15,0.9,25.1,26.4,23.8,4.2,32.0
13076,1983-09-11,1983,9,11,22.0,26.1,29.3,23.9,4.8,64.4
13077,1983-09-10,1983,9,10,50.3,25.8,29.5,22.4,6.1,38.5
13096,1983-08-22,1983,8,22,181.8,26.3,31.9,23.2,5.6,46.1
13139,1983-07-10,1983,7,10,55.5,25.4,27.2,23.0,5.3,46.8
13144,1983-07-05,1983,7,5,39.5,25.4,27.4,21.4,3.6,36.0
13158,1983-06-21,1983,6,21,0.7,26.8,27.7,25.6,3.0,29.9
13169,1983-06-10,1983,6,10,27.7,26.9,29.5,23.8,2.7,39.2
13216,1983-04-24,1983,4,24,0.0,30.0,35.3,26.7,10.7,33.1
13218,1983-04-22,1983,4,22,0.0,28.3,35.6,25.2,6.0,58.0
13219,1983-04-21,1983,4,21,0.0,29.4,35.2,26.4,6.8,32.8
13220,1983-04-20,1983,4,20,0.0,30.1,35.2,27.2,13.9,49.7
13221,1983-04-19,1983,4,19,0.0,30.2,35.8,26.5,13.2,40.3
13222,1983-04-18,1983,4,18,0.0,29.9,35.4,26.3,13.2,46.4
13223,1983-04-17,1983,4,17,0.0,29.8,35.3,26.6,13.6,42.8
13224,1983-04-16,1983,4,16,0.0,29.9,35.2,26.5,10.6,40.3
13225,1983-04-15,1983,4,15,0.0,30.3,35.5,27.1,10.9,40.0
13243,1983-03-28,1983,3,28,18.3,29.2,35.2,25.1,7.1,51.5
13246,1983-03-25,1983,3,25,0.0,29.3,35.8,25.0,8.4,33.8
13313,1983-01-17,1983,1,17,41.6,25.7,30.0,23.9,8.3,44.3
13315,1983-01-15,1983,1,15,34.0,25.6,27.4,24.0,9.5,46.1
13318,1983-01-12,1983,1,12,40.0,25.7,28.9,23.2,8.7,47.9
